文件（访视层）,层级1（表单层）,层级2,层级3,层级4,层级5,层级6,层级7,层级8,层级9,层级10,数据单位,展示类型,group是否可重复,table是否多行,可选项值,数据类型,字段冲突处理规则,提示词- 字段说明,抽取提示词（示例）,字段可否为空（nullable）,是否为主键级字段,时间属性字段组绑定,是否为敏感字段（is_sensitive）,字段是否可编辑（editable）,是否为抽取单位组,主要来源（Primary Sources）,次要来源（Secondary Sources）
费用信息,住院病案首页,,,,,,,,,,,group,不可重复,,,,,,,,,,,,是,病案首页,
费用信息,住院病案首页,病案号,,,,,,,,,,text,,,,文本,,,,否,是,,,,,,
费用信息,住院病案首页,ID号（健康卡号）,,,,,,,,,,text,,,,文本,,,,,,,,,,,
费用信息,住院病案首页,姓名,,,,,,,,,,text,,,,文本,,,,否,是,,,,,,
费用信息,住院病案首页,性别,,,,,,,,,,radio,,,"男,女,不详",文本,,,,否,是,,,,,,
费用信息,住院病案首页,年龄,,,,,,,,,岁,text,,,,数字,,,,否,是,,,,,,
费用信息,住院病案首页,证件号,,,,,,,,,,text,,,,文本,,,,是,否,,,,,,
费用信息,住院病案首页,出生日期,,,,,,,,,,date,,,,日期,,,,,,,,,,,
费用信息,住院病案首页,电话,,,,,,,,,,text,,,,文本,,,,,,,,,,,
费用信息,住院病案首页,入院时间,,,,,,,,,,date,,,,日期,,,,,,,,,,,
费用信息,住院病案首页,出院时间,,,,,,,,,,date,,,,日期,,,,,,,,,,,
费用信息,住院病案首页,住院费用（元）总费用,,,,,,,,,人民币元,text,,,,数字,,,,,,,,,,,
费用信息,住院病案首页,一般医疗服务费,,,,,,,,,人民币元,text,,,,数字,,,,,,,,,,,
费用信息,住院病案首页,一般治疗操作费,,,,,,,,,人民币元,text,,,,数字,,,,,,,,,,,
费用信息,住院病案首页,护理费,,,,,,,,,人民币元,text,,,,数字,,,,,,,,,,,
费用信息,住院病案首页,病理诊断费,,,,,,,,,人民币元,text,,,,数字,,,,,,,,,,,
费用信息,住院病案首页,实验室诊断费,,,,,,,,,人民币元,text,,,,数字,,,,,,,,,,,
费用信息,住院病案首页,影像学诊断费,,,,,,,,,人民币元,text,,,,数字,,,,,,,,,,,
费用信息,住院病案首页,临床诊断项目费,,,,,,,,,人民币元,text,,,,数字,,,,,,,,,,,
费用信息,住院病案首页,麻醉费,,,,,,,,,人民币元,text,,,,数字,,,,,,,,,,,
费用信息,住院病案首页,手术费,,,,,,,,,人民币元,text,,,,数字,,,,,,,,,,,
费用信息,住院病案首页,西药费,,,,,,,,,人民币元,text,,,,数字,,,,,,,,,,,
费用信息,住院病案首页,抗菌药物费用,,,,,,,,,人民币元,text,,,,数字,,,,,,,,,,,
费用信息,住院病案首页,血费,,,,,,,,,人民币元,text,,,,数字,,,,,,,,,,,
费用信息,住院病案首页,白蛋白类制品费,,,,,,,,,人民币元,text,,,,数字,,,,,,,,,,,
费用信息,住院病案首页,治疗用一次性医用材料费,,,,,,,,,人民币元,text,,,,数字,,,,,,,,,,,
费用信息,住院病案首页,手术用一次性医用材料费,,,,,,,,,人民币元,text,,,,数字,,,,,,,,,,,
费用信息,住院病案首页,其他费,,,,,,,,,人民币元,text,,,,数字,,,,,,,,,,,
出院情况,出院记录,,,,,,,,,,,group,不可重复,,,,,,,,,,,,是,出院小结/记录,
出院情况,出院记录,民族,,,,,,,,,,text,,,,文本,,,,,,,,,,,
出院情况,出院记录,出生地,,,,,,,,,,text,,,,文本,,,,,,,,,,,
出院情况,出院记录,职业,,,,,,,,,,text,,,,文本,,,,,,,,,,,
出院情况,出院记录,入院时间,,,,,,,,,,date,,,,日期,,,,,,,,,,,
出院情况,出院记录,出院日期,,,,,,,,,,date,,,,日期,,,,,,,,,,,
出院情况,出院记录,在院天数,,,,,,,,,天,text,,,,数字,,,,,,,,,,,
出院情况,出院记录,医院,,,,,,,,,,text,,,,文本,,,,,,,,,,,
出院情况,出院记录,科室,,,,,,,,,,text,,,,文本,,,,,,,,,,,
出院情况,出院记录,ID号,,,,,,,,,,text,,,,文本,,,,,,,,,,,
出院情况,出院记录,住院号,,,,,,,,,,text,,,,文本,,,,,,,,,,,
出院情况,出院记录,入院诊断,,,,,,,,,,text,,,,文本,,,,,,,,,,,
出院情况,出院记录,诊疗过程,,,,,,,,,,text,,,,文本,,,,,,,,,,,
出院情况,出院记录,出院诊断,,,,,,,,,,text,,,,文本,,,,,,,,,,,
出院情况,出院记录,病理结果,,,,,,,,,,text,,,,文本,,,,,,,,,,,
入院情况登记,入院记录,,,,,,,,,,,group,不可重复,,,,,,,,,,,,是,入院记录,
入院情况登记,入院记录,民族,,,,,,,,,,radio,,,"汉族,蒙古族,回族,藏族,维吾尔族,苗族,彝族,壮族,布依族,朝鲜族,满族,侗族,瑶族,白族,土家族,哈尼族,哈萨克族,傣族,黎族,傈僳族,佤族,畲族,高山族,拉祜族,水族,东乡族,纳西族,景颇族,柯尔克孜 ,土族,达斡尔族,仫佬族,羌族,布朗族,撒拉族,毛难族,仡佬族,锡伯族,阿昌族,普米族,塔吉克族,怒族,乌孜别克,俄罗斯族,鄂温克族,崩龙族,保安族,裕固族,京族,塔塔尔族,独龙族,鄂伦春族,赫哲族,门巴族,珞巴族,基诺族,其他,外国血统中国籍人士",文本,,,,,,,,,,,
入院情况登记,入院记录,入院日期,,,,,,,,,,date,,,,日期,,,在报告中找到入院日期，转换为日期格式“YYYY/MM/DD”输出,,,,,,,,
入院情况登记,入院记录,主诉,,,,,,,,,,text,,,,文本,,,请提取入院记录第1页中关于主诉的所有描述，如：“反复腹部疼痛2月余，再发3小时”，不添加“主诉”2字。,,,,,,,,
入院情况登记,入院记录,病程,,,,,,,,,,text,,,,文本,,,从入院记录第1页中关于主诉的描述中，提取患者疾病持续的时间，如“反复腹部疼痛2月余，再发3小时”，则输出病程“2月余”，如未描述，则输出“未提及”,,,,,,,,
入院情况登记,入院记录,腹痛,,,,,,,,,,radio,,,"有,无",文本,,,"从入院记录第1页现病史中判断【腹痛】是否出现。  
- 若提到“腹痛”或相关描述（如“上腹部疼痛”“腹痛伴绞痛”），输出：有  
- 若明确写“无腹痛”或完全未提及腹痛，输出：无  
仅输出“有”或“无”，不要解释。",,,,,,,,
入院情况登记,入院记录,发热,,,,,,,,,,radio,,,"有,无",文本,,,判断入院记录第1页现病史是否提及【发热】：若有相关描述（如“伴发热”“体温38℃以上”）输出“有”；若明确写“无发热”或未提及发热则输出“无”。仅输出“有”或“无”。，不要解释。,,,,,,,,
入院情况登记,入院记录,黄疸,,,,,,,,,,radio,,,"有,无",文本,,,判断入院记录第1页现病史是否存在【黄疸】体征：如出现“黄疸”或“皮肤/黏膜/巩膜黄染/眼白发黄”等明确描述，输出“有”；如写明无/未见/否认/已消退，或未提及，则输出“无”。仅输出“有”或“无”；仅有茶色尿或胆红素升高不计入“有”。,,,,,,,,
入院情况登记,入院记录,糖尿病,,,,,,,,,,radio,,,"有,无",文本,,,判断入院记录第1页既往史是否提及【糖尿病】：如写“糖尿病”“2型糖尿病”等则输出“有”；如写“无糖尿病/否认糖尿病”或未提及则输出“无”；仅输出“有/无”。,,,,,,,,
入院情况登记,入院记录,高血压,,,,,,,,,,radio,,,"有,无",文本,,,判断既往史是否提及【高血压】：如写“高血压/高血压病”则“有”；如写“无高血压/否认高血压”或未提及则“无”；仅输出“有/无”。,,,,,,,,
入院情况登记,入院记录,冠心病,,,,,,,,,,radio,,,"有,无",文本,,,判断既往史是否提及【冠心病】：如写“冠心病/心绞痛/心肌梗死病史”则“有”；如否认或未提及则“无”；仅输出“有/无”。,,,,,,,,
入院情况登记,入院记录,呼吸道疾病史,,,,,,,,,,radio,,,"有,无",文本,,,判断既往史是否提及【呼吸道疾病】：如写“慢性支气管炎/COPD/哮喘/肺结核”等则“有”；如否认或未提及则“无”；仅输出“有/无”。,,,,,,,,
入院情况登记,入院记录,脑血管病史,,,,,,,,,,radio,,,"有,无",文本,,,判断既往史是否提及【脑血管病】：如写“脑梗死/脑出血/脑卒中/短暂性脑缺血发作”等则“有”；如否认或未提及则“无”；仅输出“有/无”。,,,,,,,,
入院情况登记,入院记录,胰腺炎,,,,,,,,,,radio,,,"有,无",文本,,,判断既往史是否提及【胰腺炎】：如写“急性胰腺炎/慢性胰腺炎”则“有”；如否认或未提及则“无”；仅输出“有/无”。,,,,,,,,
入院情况登记,入院记录,手术史,,,,,,,,,,radio,,,"有,无",文本,,,判断既往史是否提及【手术史】：如写“行××手术/既往手术史”则“有”；如否认或未提及则“无”；仅输出“有/无”。,,,,,,,,
入院情况登记,入院记录,吸烟史,,,,,,,,,,radio,,,"有,无",文本,,,判断既往史是否提及【吸烟】：如写“吸烟/长期吸烟/烟龄×年”等则“有”；如写“无吸烟/否认吸烟”或未提及则“无”；仅输出“有/无”。,,,,,,,,
入院情况登记,入院记录,饮酒史,,,,,,,,,,radio,,,"有,无",文本,,,判断既往史是否提及【饮酒】：如写“饮酒/酗酒/酒龄×年”等则“有”；如写“无饮酒/否认饮酒”或未提及则“无”；仅输出“有/无”。,,,,,,,,
入院情况登记,入院记录,药物史,,,,,,,,,,radio,,,"有,无",文本,,,判断既往史是否提及【药物史/长期用药】：如写“长期服用××药物”则“有”；如否认或未提及则“无”；仅输出“有/无”。,,,,,,,,
入院情况登记,入院记录,腹部压痛,,,,,,,,,,radio,,,"有,无",文本,,,判断查体是否存在【腹部压痛】：如写“腹部压痛”“右上腹压痛”“下腹部压痛”等则输出“有”；如写“无压痛/未见压痛/压痛(-)”或未提及则输出“无”。仅输出“有/无”。,,,,,,,,
入院情况登记,入院记录,反跳痛,,,,,,,,,,radio,,,"有,无",文本,,,判断查体是否存在【反跳痛】：如写“反跳痛(+)”“右下腹反跳痛明显”等则“有”；如写“无反跳痛/反跳痛(-)/未见反跳痛”或未提及则“无”。仅输出“有/无”。,,,,,,,,
入院情况登记,入院记录,肌紧张,,,,,,,,,,radio,,,"有,无",文本,,,判断查体是否存在【腹部肌紧张】：如写“肌紧张”“右下腹肌紧张”“腹壁紧张”等则“有”；如写“无肌紧张/未见肌紧张/肌紧张(-)”或未提及则“无”。仅输出“有/无”。,,,,,,,,
入院情况登记,入院记录,墨菲氏征,,,,,,,,,,radio,,,"有,无",文本,,,判断查体是否存在【墨菲氏征】：如写“墨菲氏征(+)”“右上腹墨菲氏征阳性“墨菲氏征+”“Murphy征阳性”等则“有”；如写“墨菲氏征(-)/墨菲氏征-/无墨菲氏征/未引出墨菲氏征/Murphy-”或未提及则“无”。仅输出“有/无”。,,,,,,,,
入院情况登记,入院记录,初步诊断,,,,,,,,,,radio,,,"有,无",文本,,,,,,,,,,,
入院情况登记,入院记录,48小时主治医师诊断,,,,,,,,,,radio,,,"有,无",文本,,,,,,,,,,,
医嘱,医嘱,,,,,,,,,,,group,不可重复,,,,,,,,,,,,是,医嘱单,
医嘱,医嘱,输血情况,,,,,,,,,,radio,,,"有,无",文本,,,"请从上传的临时医嘱单中判断【输血情况】：  
- 如医嘱中有任何输血相关内容（如“输红细胞×U”“输血×ml”“血浆×ml”），请输出完整输血医嘱内容，并包含输血量。  
- 如医嘱中明确写“无输血”或完全未见输血医嘱，则输出“无”。  
仅输出“无”或输血的具体情况，不要额外解释。",,,,,,,,
医嘱,医嘱,抗生素情况,,,,,,,,,,radio,,,"有,无",文本,,,"请从上传的临时医嘱单中判断【抗生素使用情况】：  
- 如有抗生素输注医嘱（如“静滴头孢×g”“美罗培南”“左氧氟沙星”），请输出完整抗生素名称及用药医嘱。  
- 如医嘱中明确写“无抗生素”或完全未见相关医嘱，则输出“无”。  
仅输出“无”或具体的抗生素使用情况，不要额外解释。",,,,,,,,
特殊评估,入院护理评估记录单,,,,,,,,,,,group,不可重复,,,,,,,,,,,,是,入院护理评估记录单,
特殊评估,入院护理评估记录单,入院日期,,,,,,,,,,date,,,,日期,,,在报告中找到入院日期，转换为日期格式“YYYY/MM/DD”输出,,,,,,,,
特殊评估,入院护理评估记录单,联系人/电话,,,,,,,,,,text,,,,文本,,,,,,,,,,,
特殊评估,入院护理评估记录单,T（体温）,,,,,,,,,℃,text,,,,数字,,,请从入院护理评估记录单中提取【T（体温）】，单位（℃），仅输出数字，如“36.8”，不要单位和其他文字。,,,,,,,,
特殊评估,入院护理评估记录单,呼吸,,,,,,,,,次/分,text,,,,数字,,,请从入院护理评估记录单中提取【呼吸】，单位（次/分），仅输出数字，如“12”，不要单位和其他文字。,,,,,,,,
特殊评估,入院护理评估记录单,脉搏,,,,,,,,,kg,text,,,,数字,,,请从入院护理评估记录单中提取【脉搏】，仅输出数字单位（次/分），仅输出数字，如“68”，确保范围“40-200”之间，不要单位和其他文字。,,,,,,,,
特殊评估,入院护理评估记录单,血压,,,,,,,,,,text,,,,文本,,,请从入院护理评估记录单中提取【血压】，输出格式为“收缩压/舒张压”，如“120/72”，不要单位和其他文字。,,,,,,,,
特殊评估,入院护理评估记录单,体重,,,,,,,,,cm,text,,,,数字,,,请从入院护理评估记录单中提取【体重】，单位为标准kg单位，仅输出数字，如：“68”，不要单位和其他文字。,,,,,,,,
特殊评估,入院护理评估记录单,身高,,,,,,,,,,text,,,,数字,,,"请从入院护理评估记录单中提取【身高】，，为标准""cm""（厘米）单位，仅输出数字，如：“68”，不要单位和其他文字。",,,,,,,,
特殊评估,入院护理评估记录单,Barthel指数,,,,,,,,,,text,,,,数字,,,请从入院护理评估记录单中提取【Barthel指数】，仅输出数字，不要文字或单位。,,,,,,,,
特殊评估,入院护理评估记录单,Morse评分,,,,,,,,,,text,,,,数字,,,请从入院护理评估记录单中提取【Morse评分】，仅输出数字，不要文字或单位。,,,,,,,,
特殊评估,入院护理评估记录单,Norden评分,,,,,,,,,,text,,,,数字,,,请从入院护理评估记录单中提取【Norden评分】，仅输出数字，不要文字或单位。,,,,,,,,
特殊评估,入院护理评估记录单,评估时间,,,,,,,,,,date,,,,日期,,,请从入院护理评估记录单中提取【评估时间】的日期部分，并将其转换为YYYY/MM/DD格式，仅输出该日期。,,,,,,,,
特殊评估,麻醉访视记录单,,,,,,,,,,,group,不可重复,,,,,,,,,,,,是,麻醉访视记录单,
特殊评估,麻醉访视记录单,手术类型,,,,,,,,,,text,,,,文本,,,,,,,,,,,
特殊评估,麻醉访视记录单,NYHA心功能分级,,,,,,,,,,text,,,,文本,,,,,,,,,,,
特殊评估,麻醉访视记录单,ASA,,,,,,,,,,text,,,,数字,,,,,,,,,,,
特殊评估,麻醉访视记录单,Mallampati分级,,,,,,,,,,text,,,,文本,,,,,,,,,,,
特殊评估,麻醉访视记录单,访视日期,,,,,,,,,,date,,,,日期,,,,,,,,,,,
特殊评估,手术风险评估表,,,,,,,,,,,group,不可重复,,,,,,,,,,,,是,手术风险评估表,
特殊评估,手术风险评估表,日期,,,,,,,,,,date,,,,日期,,,,,,,,,,,
特殊评估,手术风险评估表,麻醉ASA分级（分）,,,,,,,,,分,text,,,,数字,,,,,,,,,,,
特殊评估,手术风险评估表,手术切口清洁程度（分）,,,,,,,,,分,text,,,,数字,,,,,,,,,,,
特殊评估,手术风险评估表,手术持续时间（分）,,,,,,,,,分,text,,,,数字,,,,,,,,,,,
特殊评估,手术风险评估表,NNIS分级,,,,,,,,,,text,,,,数字,,,,,,,,,,,
诊疗记录,手术记录,,,,,,,,,,,group,不可重复,,,,,,,,,,,,是,手术记录,
诊疗记录,手术记录,术中诊断,,,,,,,,,,text,,,,文本,,,,,,,,,,,
诊疗记录,手术记录,手术日期,,,,,,,,,,date,,,,日期,,,,,,,,,,,
诊疗记录,手术记录,手术名称,,,,,,,,,,text,,,,文本,,,,,,,,,,,
诊疗记录,手术记录,手术者,,,,,,,,,,text,,,,文本,,,,,,,,,,,
诊疗记录,手术记录,麻醉方式,,,,,,,,,,text,,,,文本,,,,,,,,,,,
诊疗记录,手术记录,手术开始时间,,,,,,,,,,date,,,,日期,,,,,,,,,,,
诊疗记录,手术记录,麻醉开始时间,,,,,,,,,,date,,,,日期,,,,,,,,,,,
诊疗记录,手术记录,手术完毕时间,,,,,,,,,,date,,,,日期,,,,,,,,,,,
诊疗记录,手术记录,麻醉停止时间,,,,,,,,,,date,,,,日期,,,,,,,,,,,
诊疗记录,手术记录,术中输血,,,,,,,,,mL,text,,,,数字,,,,,,,,,,,
诊疗记录,手术记录,术中输液ml,,,,,,,,,mL,text,,,,数字,,,,,,,,,,,
诊疗记录,手术记录,腹腔引流管,,,,,,,,,,radio,,,"有,无",文本,,,,,,,,,,,
诊疗记录,手术记录,T管,,,,,,,,,,radio,,,"有,无",文本,,,,,,,,,,,
诊疗记录,手术记录,术中尿量,,,,,,,,,mL,text,,,,数字,,,,,,,,,,,
检验检查,病理诊断报告,,,,,,,,,,,group,不可重复,,,,,,,,,,,,是,"手术病理,冰冻病理,穿刺病理,病理会诊",
检验检查,病理诊断报告,病理号,,,,,,,,,,text,,,,文本,,,,,,,,,,,
检验检查,病理诊断报告,大体描述,,,,,,,,,,textarea,,,,文本,,,,,,,,,,,
检验检查,病理诊断报告,诊断（病理诊断）,,,,,,,,,,textarea,,,,文本,,,,,,,,,,,
检验检查,病理诊断报告,送检日期,,,,,,,,,,date,,,,日期,,,,,,,,,,,
检验检查,病理诊断报告,报告日期,,,,,,,,,,date,,,,日期,,,,,,,,,,,
检验检查,心电图检查报告单,,,,,,,,,,,group,可重复,,,,,,,,,,,,是,心电图(ECG),
检验检查,心电图检查报告单,报告日期,,,,,,,,,,date,,,,日期,,,,,,,,,,,
检验检查,心电图检查报告单,心电图诊断,,,,,,,,,,textarea,,,,文本,,,,,,,,,,,
检验检查,彩色超声检查报告单,,,,,,,,,,,group,可重复,,,,,,,,,,,,是,超声检查,出院小结/记录
检验检查,彩色超声检查报告单,检查项目,,,,,,,,,,text,,,,文本,,,,,,,,,,,
检验检查,彩色超声检查报告单,胆囊大小（mm）,,,,,,,,,mm,text,,,,数字,,,,,,,,,,,
检验检查,彩色超声检查报告单,囊壁厚（mm）,,,,,,,,,mm,text,,,,数字,,,,,,,,,,,
检验检查,彩色超声检查报告单,胆总管内径（mm）,,,,,,,,,mm,text,,,,数字,,,,,,,,,,,
检验检查,彩色超声检查报告单,超声提示,,,,,,,,,,textarea,,,,文本,,,,,,,,,,,
检验检查,彩色超声检查报告单,检查时间,,,,,,,,,,date,,,,日期,,,,,,,,,,,
检验检查,彩色超声检查报告单,报告时间,,,,,,,,,,date,,,,日期,,,,,,,,,,,
检验检查,放射诊断报告,,,,,,,,,,,group,可重复,,,,,,,,,,,,是,"CT检查,MRI检查,PET-CT检查,PET-MR检查,X光检查",出院小结/记录
检验检查,放射诊断报告,放射性检查号码,,,,,,,,,,text,,,,文本,,,,,,,,,,,
检验检查,放射诊断报告,检查部位和名称,,,,,,,,,,text,,,,文本,,,,,,,,,,,
检验检查,放射诊断报告,放射学表现,,,,,,,,,,textarea,,,,文本,,,,,,,,,,,
检验检查,放射诊断报告,放射学诊断,,,,,,,,,,textarea,,,,文本,,,,,,,,,,,
检验检查,放射诊断报告,检查时间,,,,,,,,,,date,,,,日期,,,,,,,,,,,
检验检查,放射诊断报告,报告时间,,,,,,,,,,date,,,,日期,,,,,,,,,,,
检验检查,放射诊断报告,审核时间,,,,,,,,,,date,,,,日期,,,,,,,,,,,
特殊评估,营养风险筛查表NRS-2002评估监控表,,,,,,,,,,,group,不可重复,,,,,,,,,,,,是,"营养会诊/评估记录,营养风险筛查表(NRS-2002)",
特殊评估,营养风险筛查表NRS-2003评估监控表,NRS-2002评分（入院）,,,,,,,,,,text,,,,数字,,,,,,,,,,,
特殊评估,住院患者静脉血栓栓塞症风险评估表,,,,,,,,,,,group,不可重复,,,,,,,,,,,,是,VTE风险评估表,
特殊评估,住院患者静脉血栓栓塞症风险评估表,入院时间,,,,,,,,,,date,,,,日期,,,,,,,,,,,
特殊评估,住院患者静脉血栓栓塞症风险评估表,Caprini评分（入院）,,,,,,,,,,text,,,,数字,,,,,,,,,,,
诊疗记录,护理记录单,,,,,,,,,,,group,不可重复,,,,,,,,,,,,是,护理记录,
诊疗记录,护理记录单,体温＞38摄氏度,,,,,,,,,,radio,,,"有,无",文本,,,,,,,,,,,
诊疗记录,护理记录单,心率＞100次/分,,,,,,,,,,radio,,,"有,无",文本,,,,,,,,,,,
诊疗记录,麻醉记录单,,,,,,,,,,,group,不可重复,,,,,,,,,,,,是,麻醉记录,
诊疗记录,麻醉记录单,身高,,,,,,,,,cm,text,,,,数字,,,,,,,,,,,
诊疗记录,麻醉记录单,体重,,,,,,,,,kg,text,,,,数字,,,,,,,,,,,
诊疗记录,麻醉记录单,BMI,,,,,,,,,,text,,,,数字,,,,,,,,,,,
诊疗记录,麻醉记录单,日期,,,,,,,,,,date,,,,日期,,,,,,,,,,,
诊疗记录,麻醉记录单,失血量,,,,,,,,,mL,text,,,,数字,,,,,,,,,,,
诊疗记录,麻醉记录单,尿量,,,,,,,,,mL,text,,,,数字,,,,,,,,,,,
诊疗记录,麻醉记录单,ASA分级,,,,,,,,,,text,,,,文本,,,,,,,,,,,
诊疗记录,麻醉记录单,手术体位,,,,,,,,,,text,,,,文本,,,,,,,,,,,
诊疗记录,麻醉记录单,麻醉方式,,,,,,,,,,text,,,,文本,,,,,,,,,,,
检验检查,血常规,,,,,,,,,,,group,可重复,,,,,,,,,,,,是,"血常规,综合检验报告",出院小结/记录
检验检查,血常规,送检日期,,,,,,,,,,date,,,,日期,,,,,,,,,,,
检验检查,血常规,报告日期,,,,,,,,,,date,,,,日期,,,,,,,,,,,
检验检查,血常规,检查阶段,,,,,,,,,,radio,,,"术前阶段,术后阶段,未知",文本,,,,,,,,,,,
检验检查,血常规,样本编号,,,,,,,,,,text,,,,文本,,,,,,,,,,,
检验检查,血常规,白细胞,,,,,,,,,10^9/L,text,,,,数字,,,,,,,,,,,
检验检查,血常规,红细胞,,,,,,,,,10^12/L,text,,,,数字,,,,,,,,,,,
检验检查,血常规,血红蛋白,,,,,,,,,g/L,text,,,,数字,,,,,,,,,,,
检验检查,血常规,血小板,,,,,,,,,10^9/L,text,,,,数字,,,,,,,,,,,
检验检查,血常规,淋巴细胞%,,,,,,,,,%,text,,,,数字,,,,,,,,,,,
检验检查,血常规,单核细胞%,,,,,,,,,%,text,,,,数字,,,,,,,,,,,
检验检查,血常规,中性粒细胞%,,,,,,,,,%,text,,,,数字,,,,,,,,,,,
检验检查,血常规,嗜酸性粒细胞%,,,,,,,,,%,text,,,,数字,,,,,,,,,,,
检验检查,血常规,嗜碱性粒细胞%,,,,,,,,,%,text,,,,数字,,,,,,,,,,,
检验检查,血常规,C-反应蛋白,,,,,,,,,mg/L,text,,,,数字,,,,,,,,,,,
检验检查,血常规,血清淀粉样蛋白A,,,,,,,,,mg/L,text,,,,数字,,,,,,,,,,,
检验检查,凝血指标,,,,,,,,,,,group,可重复,,,,,,,,,,,,是,"凝血功能,综合检验报告",出院小结/记录
检验检查,凝血指标,送检日期,,,,,,,,,,date,,,,日期,,,,,,,,,,,
检验检查,凝血指标,报告日期,,,,,,,,,,date,,,,日期,,,,,,,,,,,
检验检查,凝血指标,检查阶段,,,,,,,,,,radio,,,"术前阶段,术后阶段,未知",文本,,,,,,,,,,,
检验检查,凝血指标,样本编号,,,,,,,,,,text,,,,文本,,,,,,,,,,,
检验检查,凝血指标,凝血酶原时间,,,,,,,,,s,text,,,,数字,,,,,,,,,,,
检验检查,凝血指标,国际标准化比值,,,,,,,,,,text,,,,数字,,,,,,,,,,,
检验检查,凝血指标,D-D二聚体,,,,,,,,,mg/L FEU,text,,,,数字,,,,,,,,,,,
检验检查,感染指标,,,,,,,,,,,group,可重复,,,,,,,,,,,,是,"感染性指标,综合检验报告",出院小结/记录
检验检查,感染指标,送检日期,,,,,,,,,,date,,,,日期,,,,,,,,,,,
检验检查,感染指标,报告日期,,,,,,,,,,date,,,,日期,,,,,,,,,,,
检验检查,感染指标,检查阶段,,,,,,,,,,radio,,,"术前阶段,术后阶段,未知",文本,,,,,,,,,,,
检验检查,感染指标,样本编号,,,,,,,,,,text,,,,文本,,,,,,,,,,,
检验检查,感染指标,降钙素原,,,,,,,,,ng/mL,text,,,,数字,,,,,,,,,,,
检验检查,感染指标,白介素-6,,,,,,,,,pg/mL,text,,,,数字,,,,,,,,,,,
检验检查,心衰指标,,,,,,,,,,,group,可重复,,,,,,,,,,,,是,"心衰标志物,综合检验报告",出院小结/记录
检验检查,心衰指标,送检日期,,,,,,,,,,date,,,,日期,,,,,,,,,,,
检验检查,心衰指标,报告日期,,,,,,,,,,date,,,,日期,,,,,,,,,,,
检验检查,心衰指标,检查阶段,,,,,,,,,,radio,,,"术前阶段,术后阶段,未知",文本,,,,,,,,,,,
检验检查,心衰指标,样本编号,,,,,,,,,,text,,,,文本,,,,,,,,,,,
检验检查,心衰指标,B型钠尿肽,,,,,,,,,pg/mL,text,,,,数字,,,,,,,,,,,
检验检查,生化指标,,,,,,,,,,,group,可重复,,,,,,,,,,,,是,"生化检查,综合检验报告",出院小结/记录
检验检查,生化指标,送检日期,,,,,,,,,,date,,,,日期,,,,,,,,,,,
检验检查,生化指标,报告日期,,,,,,,,,,date,,,,日期,,,,,,,,,,,
检验检查,生化指标,检查阶段,,,,,,,,,,radio,,,"术前阶段,术后阶段,未知",文本,,,,,,,,,,,
检验检查,生化指标,样本编号,,,,,,,,,,text,,,,文本,,,,,,,,,,,
检验检查,生化指标,钾,,,,,,,,,mmol/L,text,,,,数字,,,,,,,,,,,
检验检查,生化指标,钠,,,,,,,,,mmol/L,text,,,,数字,,,,,,,,,,,
检验检查,生化指标,氯,,,,,,,,,mmol/L,text,,,,数字,,,,,,,,,,,
检验检查,生化指标,血浆钙,,,,,,,,,mmol/L,text,,,,数字,,,,,,,,,,,
检验检查,生化指标,肌酐,,,,,,,,,umol/L,text,,,,数字,,,,,,,,,,,
检验检查,生化指标,尿素,,,,,,,,,mmol/L,text,,,,数字,,,,,,,,,,,
检验检查,生化指标,尿酸,,,,,,,,,mmol/L,text,,,,数字,,,,,,,,,,,
检验检查,生化指标,总蛋白,,,,,,,,,g/L,text,,,,数字,,,,,,,,,,,
检验检查,生化指标,白蛋白,,,,,,,,,g/L,text,,,,数字,,,,,,,,,,,
检验检查,生化指标,总胆红素,,,,,,,,,umol/L,text,,,,数字,,,,,,,,,,,
检验检查,生化指标,丙氨酸转氨酶,,,,,,,,,U/L,text,,,,数字,,,,,,,,,,,
检验检查,生化指标,天门冬氨酸转氨酶,,,,,,,,,U/L,text,,,,数字,,,,,,,,,,,
检验检查,生化指标,碱性磷酸酶,,,,,,,,,U/L,text,,,,数字,,,,,,,,,,,
检验检查,生化指标,γ-谷氨酰转肽酶,,,,,,,,,U/L,text,,,,数字,,,,,,,,,,,
检验检查,生化指标,乳酸脱氢酶,,,,,,,,,U/L,text,,,,数字,,,,,,,,,,,
检验检查,生化指标,胱抑素C,,,,,,,,,mg/L,text,,,,数字,,,,,,,,,,,
检验检查,生化指标,淀粉酶,,,,,,,,,U/L,text,,,,数字,,,,,,,,,,,
检验检查,血型,,,,,,,,,,,group,不可重复,,,,,,,,,,,,是,"血型检测,综合检验报告",出院小结/记录
检验检查,血型,送检日期,,,,,,,,,,date,,,,日期,,,,,,,,,,,
检验检查,血型,报告日期,,,,,,,,,,date,,,,日期,,,,,,,,,,,
检验检查,血型,样本编号,,,,,,,,,,text,,,,文本,,,,,,,,,,,
检验检查,血型,ABO血型,,,,,,,,,,radio,,,"A,B,O,AB",文本,,,,,,,,,,,
检验检查,血型,RhD血型,,,,,,,,,,radio,,,"阳,阴,疑似",文本,,,,,,,,,,,
检验检查,肿瘤标志物,,,,,,,,,,,group,可重复,,,,,,,,,,,,是,"肿瘤标志物,综合检验报告",出院小结/记录
检验检查,肿瘤标志物,送检日期,,,,,,,,,,date,,,,日期,,,,,,,,,,,
检验检查,肿瘤标志物,报告日期,,,,,,,,,,date,,,,日期,,,,,,,,,,,
检验检查,肿瘤标志物,检查阶段,,,,,,,,,,radio,,,"术前阶段,术后阶段,未知",文本,,,,,,,,,,,
检验检查,肿瘤标志物,样本编号,,,,,,,,,,text,,,,文本,,,,,,,,,,,
检验检查,肿瘤标志物,甲胎蛋白,,,,,,,,,ng/mL,text,,,,数字,,,,,,,,,,,
检验检查,肿瘤标志物,癌胚抗原,,,,,,,,,ng/mL,text,,,,数字,,,,,,,,,,,
检验检查,肿瘤标志物,糖类抗原19-9,,,,,,,,,U/mL,text,,,,数字,,,,,,,,,,,
检验检查,肿瘤标志物,异常凝血酶原,,,,,,,,,ng/mL,text,,,,数字,,,,,,,,,,,
检验检查,肿瘤标志物,甲胎蛋白异质体%,,,,,,,,,%,text,,,,数字,,,,,,,,,,,
检验检查,传染病检查,,,,,,,,,,,group,可重复,,,,,,,,,,,,是,"传染学检测,综合检验报告",出院小结/记录
检验检查,传染病检查,送检日期,,,,,,,,,,date,,,,日期,,,,,,,,,,,
检验检查,传染病检查,报告日期,,,,,,,,,,date,,,,日期,,,,,,,,,,,
检验检查,传染病检查,样本编号,,,,,,,,,,text,,,,文本,,,,,,,,,,,
检验检查,传染病检查,丙型肝炎病毒抗体,,,,,,,,,,radio,,,"阳,阴,疑似",文本,,,,,,,,,,,
检验检查,传染病检查,乙型肝炎表面抗原,,,,,,,,,,radio,,,"阳,阴,疑似",文本,,,,,,,,,,,
检验检查,传染病检查,乙型肝炎表面抗体,,,,,,,,,,radio,,,"阳,阴,疑似",文本,,,,,,,,,,,
检验检查,传染病检查,乙型肝炎核心抗体,,,,,,,,,,radio,,,"阳,阴,疑似",文本,,,,,,,,,,,
检验检查,微生物检查,,,,,,,,,,,group,可重复,,,,,,,,,,,,是,"微生物培养与药敏,综合检验报告",出院小结/记录
检验检查,微生物检查,送检日期,,,,,,,,,,date,,,,日期,,,,,,,,,,,
检验检查,微生物检查,报告日期,,,,,,,,,,date,,,,日期,,,,,,,,,,,
检验检查,微生物检查,检查阶段,,,,,,,,,,radio,,,"术前阶段,术后阶段,未知",文本,,,,,,,,,,,
检验检查,微生物检查,样本编号,,,,,,,,,,text,,,,文本,,,,,,,,,,,
检验检查,微生物检查,检查类型,,,,,,,,,,radio,,,"细菌涂片,细菌培养,真菌涂片,真菌培养,结核杆菌涂片,结核杆菌培养,其他",,,,,,,,,,,,
检验检查,微生物检查,标本来源类型,,,,,,,,,,radio,,,"导管,引流瓶,其他",,,,,,,,,,,,
检验检查,微生物检查,结果,,,,,,,,,,radio,,,"阳,阴,疑似",文本,,,,,,,,,,,
